{
  "BZ=F": 88.39105,
  "CC=F": 5519.35878,
  "EUR=X": 1.14193,
  "GC=F": 4071.16395,
  "HG=F": 6.40181,
  "KC=F": 324.70251,
  "SI=F": 58.49664,
  "USD/JPY": 162.52467,
  "ZW=F": 673.78515,
  "^FCHI": 8340.11035
}
