{
  "BZ=F": 88.39105,
  "CANE": 9.79,
  "CC=F": 5519.35878,
  "COTN": 2.468,
  "EUR=X": 1.14193,
  "GC=F": 4071.16395,
  "HG=F": 6.40181,
  "KC=F": 324.70251,
  "SI=F": 58.49664,
  "USD/JPY": 162.52467,
  "ZW=F": 673.78515,
  "^FCHI": 8340.11035,
  "^GSPC": 747.29,
  "^IXIC": 708.35,
  "^VIX": 20.605
}
