{
  "BZ=F": 83.83298,
  "CC=F": 3869.17931,
  "EUR=X": 1.16097,
  "GC=F": 4308.67336,
  "HG=F": 6.50693,
  "KC=F": 253.46568,
  "SI=F": 70.09673,
  "ZW=F": 579.46928
}
