{
  "BZ=F": 73.10352,
  "CANE": 9.79,
  "CC=F": 5076.7766,
  "COTN": 2.371,
  "EUR=X": 1.1403,
  "GC=F": 3964.32111,
  "HG=F": 6.071775,
  "KC=F": 296.42168,
  "SI=F": 57.36247,
  "USD/JPY": 162.75064,
  "ZW=F": 586.88842,
  "^FCHI": 8403.99023
}
