{
  "BZ=F": 77.91156,
  "CC=F": 6053.52233,
  "EUR=X": 1.14342,
  "GC=F": 4091.65303,
  "HG=F": 6.1079,
  "KC=F": 309.94034,
  "SI=F": 58.58574,
  "USD/JPY": 162.36941,
  "ZW=F": 595.886,
  "^FCHI": 8252.66016
}
