{
  "BZ=F": 72.6457,
  "CC=F": 5035.85133,
  "EUR=X": 1.1454,
  "GC=F": 4164.93128,
  "HG=F": 6.20567,
  "KC=F": 301.34455,
  "SI=F": 62.28589,
  "USD/JPY": 161.06479,
  "ZW=F": 590.47905,
  "^FCHI": 8474.86035
}
