{
  "BZ=F": 76.85106,
  "CC=F": 4647.050583,
  "EUR=X": 1.13737,
  "GC=F": 4095.84272,
  "HG=F": 6.15627,
  "KC=F": 276.042552,
  "SI=F": 62.17745,
  "ZW=F": 586.24006,
  "^FCHI": 8340.70996
}
