{
  "BZ=F": 76.80999,
  "CC=F": 4620.95948,
  "EUR=X": 1.1425,
  "GC=F": 4122.01154,
  "HG=F": 6.21579,
  "KC=F": 267.10575,
  "SI=F": 62.68021,
  "ZW=F": 593.94408
}
