{
  "BZ=F": 79.41443,
  "CC=F": 6064.0049424,
  "EUR=X": 1.13965,
  "GC=F": 4052.02804,
  "HG=F": 6.15033,
  "KC=F": 334.37674,
  "SI=F": 57.81684,
  "USD/JPY": 162.34723,
  "ZW=F": 680.0,
  "^FCHI": 8338.96973
}
