{
  "BZ=F": 76.22153,
  "CC=F": 6458.15107,
  "EUR=X": 1.14436,
  "GC=F": 4115.90385,
  "HG=F": 6.24357,
  "KC=F": 348.059663,
  "SI=F": 60.1902,
  "USD/JPY": 161.5182,
  "ZW=F": 608.041123,
  "^FCHI": 8326.62012
}
