{
  "BZ=F": 83.88709,
  "CANE": 9.79,
  "CC=F": 5364.28455,
  "COTN": 2.43,
  "EUR=X": 1.14453,
  "GC=F": 3999.68003,
  "HG=F": 6.18368,
  "KC=F": 312.5965,
  "SI=F": 55.94719,
  "USD/JPY": 162.41647,
  "ZW=F": 668.016419,
  "^FCHI": 8377.86035,
  "^GSPC": 745.305,
  "^IXIC": 695.61,
  "^VIX": 21.51
}
