{
  "BZ=F": 76.51423,
  "CC=F": 5761.17718,
  "EUR=X": 1.14181,
  "GC=F": 4130.86583,
  "HG=F": 6.13976,
  "KC=F": 317.73495,
  "SI=F": 60.76442,
  "USD/JPY": 162.26927,
  "ZW=F": 608.44401,
  "^FCHI": 8436.24023
}
