{
  "BZ=F": 72.18775,
  "CC=F": 5019.35355,
  "EUR=X": 1.14256,
  "GC=F": 4151.61705,
  "HG=F": 6.16411,
  "KC=F": 302.28243,
  "SI=F": 61.86205,
  "USD/JPY": 162.11864,
  "ZW=F": 598.93355
}
