{
  "BZ=F": 74.3815,
  "CC=F": 5249.031886,
  "EUR=X": 1.13749,
  "GC=F": 4008.98012,
  "HG=F": 5.97957,
  "KC=F": 276.52051,
  "SI=F": 56.50995,
  "ZW=F": 587.84483
}
