{
  "BZ=F": 91.30091,
  "CC=F": 3832.22171,
  "EUR=X": 1.1557,
  "GC=F": 4213.89743,
  "HG=F": 6.29869,
  "KC=F": 244.47536,
  "SI=F": 64.9182,
  "ZW=F": 587.9698,
  "^FCHI": 8203.42969,
  "^GSPC": 736.07,
  "^IXIC": 707.7,
  "^VIX": 24.73
}
