{
  "BZ=F": 93.67439,
  "CC=F": 3745.77921,
  "EUR=X": 1.15464,
  "GC=F": 4083.13258,
  "HG=F": 6.20106,
  "KC=F": 244.70964,
  "SI=F": 63.75925,
  "ZW=F": 583.45728,
  "^FCHI": 8161.83008
}
