{
  "BZ=F": 90.78988,
  "CANE": 9.76,
  "CC=F": 5534.93663,
  "COTN": 2.451,
  "EUR=X": 1.14372,
  "GC=F": 4007.53416,
  "HG=F": 6.23508,
  "KC=F": 320.42678,
  "SI=F": 56.5355,
  "USD/JPY": 162.40693,
  "ZW=F": 682.72721,
  "^FCHI": 8338.80957,
  "^GSPC": 745.14,
  "^IXIC": 700.36,
  "^VIX": 20.95
}
