{
  "BZ=F": 72.9358,
  "CANE": 9.97,
  "CC=F": 5695.89491,
  "COTN": 2.489,
  "EUR=X": 1.14271,
  "GC=F": 4123.20125,
  "HG=F": 6.13998,
  "KC=F": 349.94841,
  "SI=F": 60.74596,
  "USD/JPY": 161.92757,
  "ZW=F": 600.80897,
  "^FCHI": 8479.87012,
  "^GSPC": 746.97,
  "^IXIC": 708.475,
  "^VIX": 20.98
}
