{
  "BZ=F": 82.68693,
  "CC=F": 3997.98999,
  "EUR=X": 1.15773,
  "GC=F": 4319.09472,
  "HG=F": 6.4531,
  "KC=F": 259.173,
  "SI=F": 69.51203,
  "ZW=F": 583.95725,
  "^FCHI": 8384.0097656
}
