{
  "BZ=F": 79.41443,
  "CANE": 9.67,
  "CC=F": 6064.0049424,
  "COTN": 2.52977,
  "EUR=X": 1.13965,
  "GC=F": 4052.02804,
  "HG=F": 6.15033,
  "KC=F": 334.37674,
  "SI=F": 57.81684,
  "USD/JPY": 162.34723,
  "ZW=F": 680.0,
  "^FCHI": 8338.96973,
  "^GSPC": 751.65,
  "^IXIC": 715.76,
  "^VIX": 20.57
}
