{
  "BZ=F": 84.52897,
  "CANE": 9.56,
  "CC=F": 5885.89062,
  "COTN": 2.45,
  "EUR=X": 1.14688,
  "GC=F": 4031.93291,
  "HG=F": 6.34425,
  "KC=F": 326.68735,
  "SI=F": 57.3263,
  "USD/JPY": 162.14335,
  "ZW=F": 672.78566,
  "^FCHI": 8382.42969,
  "^GSPC": 753.62,
  "^IXIC": 710.08,
  "^VIX": 20.27
}
