{
  "BZ=F": 93.97661,
  "CANE": 9.67,
  "CC=F": 5302.8651,
  "COTN": 2.488,
  "EUR=X": 1.13793,
  "GC=F": 4030.79528,
  "HG=F": 6.27605,
  "KC=F": 309.36814,
  "SI=F": 57.44485,
  "USD/JPY": 163.81268,
  "ZW=F": 706.11012,
  "^FCHI": 8299.089844,
  "^GSPC": 740.275,
  "^IXIC": 687.39,
  "^VIX": 21.35
}
