{
  "BZ=F": 79.054896,
  "CC=F": 4253.44121,
  "EUR=X": 1.14567,
  "GC=F": 4197.80035,
  "HG=F": 6.32596,
  "KC=F": 265.90603,
  "SI=F": 66.55574,
  "ZW=F": 603.1746
}
