{
  "BZ=F": 85.35962,
  "CANE": 9.76,
  "CC=F": 5805.49816,
  "COTN": 2.513,
  "EUR=X": 1.14401,
  "GC=F": 4028.19738,
  "HG=F": 6.30619,
  "KC=F": 326.1993,
  "SI=F": 58.31924,
  "USD/JPY": 162.19894,
  "ZW=F": 644.18519,
  "^FCHI": 8366.84961,
  "^GSPC": 753.54,
  "^IXIC": 716.08,
  "^VIX": 20.445
}
