{
  "BZ=F": 72.4297,
  "CC=F": 4975.42762,
  "EUR=X": 1.13634,
  "GC=F": 3981.52572,
  "HG=F": 5.98541,
  "KC=F": 277.27909,
  "SI=F": 57.15265,
  "ZW=F": 584.69443,
  "^FCHI": 8385.49023
}
