{
  "BZ=F": 96.093118,
  "CANE": 9.675,
  "CC=F": 5329.54592,
  "COTN": 2.532,
  "EUR=X": 1.14313,
  "GC=F": 4123.5413,
  "HG=F": 6.46174,
  "KC=F": 316.79116,
  "SI=F": 59.55926,
  "USD/JPY": 163.08579,
  "ZW=F": 702.96739,
  "^FCHI": 8437.88965,
  "^GSPC": 737.345,
  "^IXIC": 690.5,
  "^VIX": 22.06
}
