{
  "BZ=F": 78.9197,
  "CC=F": 4233.64241,
  "EUR=X": 1.16113,
  "GC=F": 4329.00433,
  "HG=F": 6.5155,
  "KC=F": 272.79977,
  "SI=F": 70.29383,
  "ZW=F": 601.52054,
  "^FCHI": 8447.26953
}
