{
  "BZ=F": 88.50583,
  "CC=F": 3799.015673,
  "EUR=X": 1.15658,
  "GC=F": 4184.27549,
  "HG=F": 6.38858,
  "KC=F": 250.35429,
  "SI=F": 66.8628,
  "ZW=F": 590.021309,
  "^FCHI": 8200.7998
}
