{
  "BZ=F": 91.8925,
  "CC=F": 5606.01717,
  "EUR=X": 1.14116,
  "GC=F": 4129.67169,
  "HG=F": 6.46428,
  "KC=F": 322.24512,
  "SI=F": 59.67655,
  "USD/JPY": 163.08304,
  "ZW=F": 681.3762
}
