{
  "BZ=F": 77.34622,
  "CC=F": 4239.037766,
  "EUR=X": 1.15213,
  "GC=F": 4299.04131,
  "HG=F": 6.38861,
  "KC=F": 271.87807,
  "SI=F": 68.72852,
  "ZW=F": 613.86505,
  "^FCHI": 8430.79004
}
