{
  "BZ=F": 73.3606,
  "CANE": 9.785,
  "CC=F": 4966.6094,
  "COTN": 2.372,
  "EUR=X": 1.1386,
  "GC=F": 3987.71783,
  "HG=F": 6.11207,
  "KC=F": 277.7783,
  "SI=F": 57.50431,
  "USD/JPY": 162.34214,
  "ZW=F": 575.23814
}
