{
  "BZ=F": 84.72456,
  "CC=F": 5841.88771,
  "EUR=X": 1.13884,
  "GC=F": 4031.12025,
  "HG=F": 6.32675,
  "KC=F": 329.97857,
  "SI=F": 58.16321,
  "USD/JPY": 162.31337,
  "ZW=F": 637.26436
}
