{
  "BZ=F": 72.84648,
  "CANE": 9.625,
  "CC=F": 5096.796,
  "COTN": 2.358,
  "EUR=X": 1.13952,
  "GC=F": 4059.1005,
  "HG=F": 6.15788,
  "KC=F": 273.2916,
  "SI=F": 58.64415,
  "USD/JPY": 161.81879,
  "ZW=F": 575.67457,
  "^FCHI": 8384.87012
}
