{
  "BZ=F": 70.74992,
  "CANE": 9.84,
  "CC=F": 5091.06109,
  "COTN": 2.4135,
  "EUR=X": 1.13903,
  "GC=F": 4068.51377,
  "HG=F": 6.10307,
  "KC=F": 310.031381,
  "SI=F": 60.0132,
  "USD/JPY": 162.22183,
  "ZW=F": 592.4653,
  "^FCHI": 8337.29004
}
