{
  "BZ=F": 93.18592,
  "CC=F": 3818.37693,
  "EUR=X": 1.15497,
  "GC=F": 4341.40835,
  "HG=F": 6.34261,
  "KC=F": 245.35518,
  "SI=F": 68.46033,
  "ZW=F": 584.42872
}
