{
  "BZ=F": 96.12009,
  "CC=F": 4023.058171,
  "EUR=X": 1.16282,
  "GC=F": 4470.07286,
  "HG=F": 6.49184,
  "KC=F": 253.48352,
  "SI=F": 73.47539,
  "ZW=F": 586.92091,
  "^FCHI": 8228.24023,
  "^GSPC": 754.19,
  "^IXIC": 744.23,
  "^VIX": 23.46
}
