{
  "BZ=F": 85.48233,
  "CANE": 9.835,
  "CC=F": 5808.29033,
  "COTN": 2.545,
  "EUR=X": 1.14382,
  "GC=F": 4026.08906,
  "HG=F": 6.31745,
  "KC=F": 326.093927,
  "SI=F": 58.31584,
  "USD/JPY": 162.20791,
  "ZW=F": 645.7705,
  "^FCHI": 8366.84961,
  "^GSPC": 751.87,
  "^IXIC": 719.67999,
  "^VIX": 20.69
}
