{
  "BZ=F": 79.19915,
  "CC=F": 4238.84753,
  "EUR=X": 1.14345,
  "GC=F": 4141.98733,
  "HG=F": 6.29436,
  "KC=F": 267.90756,
  "SI=F": 63.95089,
  "ZW=F": 605.72129,
  "^FCHI": 8467.98047,
  "^GSPC": 746.59003,
  "^IXIC": 739.69,
  "^VIX": 21.96
}
