{
  "BZ=F": 94.41815,
  "CANE": 9.67,
  "CC=F": 5302.8651,
  "COTN": 2.5315,
  "EUR=X": 1.13816,
  "GC=F": 4025.92697,
  "HG=F": 6.29233,
  "KC=F": 309.35266,
  "SI=F": 57.46136,
  "USD/JPY": 163.81259,
  "ZW=F": 703.77584,
  "^FCHI": 8299.089844,
  "^GSPC": 738.16998,
  "^IXIC": 691.91998,
  "^VIX": 21.77
}
