{
  "BZ=F": 77.61561,
  "CC=F": 4622.59092,
  "EUR=X": 1.1424,
  "GC=F": 4126.43394,
  "HG=F": 6.25415,
  "KC=F": 267.082572,
  "SI=F": 62.72345,
  "ZW=F": 595.17383,
  "^FCHI": 8400.11035,
  "^GSPC": 744.38,
  "^IXIC": 738.049988,
  "^VIX": 21.84
}
