{
  "BZ=F": 73.3606,
  "CANE": 9.785,
  "CC=F": 4966.6094,
  "COTN": 2.372,
  "EUR=X": 1.13861,
  "GC=F": 3988.19494,
  "HG=F": 6.11207,
  "KC=F": 277.7783,
  "SI=F": 57.54071,
  "USD/JPY": 162.34976,
  "ZW=F": 575.23814,
  "^FCHI": 8367.33008,
  "^GSPC": 740.85999,
  "^IXIC": 724.030029,
  "^VIX": 21.77
}
