{
  "BZ=F": 76.61573,
  "CANE": 9.97,
  "CC=F": 6457.43803,
  "COTN": 2.4875,
  "EUR=X": 1.14381,
  "GC=F": 4114.04122,
  "HG=F": 6.2546,
  "KC=F": 347.98705,
  "SI=F": 60.10699,
  "USD/JPY": 161.6339,
  "ZW=F": 610.066885,
  "^FCHI": 8326.62012,
  "^GSPC": 751.65002,
  "^IXIC": 723.17999,
  "^VIX": 20.81
}
