{
  "BZ=F": 97.087151,
  "CC=F": 4109.75357,
  "EUR=X": 1.16257,
  "GC=F": 4470.27269,
  "HG=F": 6.62397,
  "KC=F": 259.19881,
  "SI=F": 74.69376,
  "ZW=F": 598.83051,
  "^FCHI": 8209.089844,
  "^GSPC": 759.46997,
  "^IXIC": 746.14001,
  "^VIX": 23.46
}
