{
  "BZ=F": 84.94886,
  "CANE": 9.545,
  "CC=F": 5360.88581,
  "COTN": 2.45,
  "EUR=X": 1.14367,
  "GC=F": 3980.5748,
  "HG=F": 6.174,
  "KC=F": 312.75196,
  "SI=F": 55.06911,
  "USD/JPY": 162.43104,
  "ZW=F": 668.84967,
  "^FCHI": 8377.86035,
  "^GSPC": 750.76001,
  "^IXIC": 706.02002,
  "^VIX": 20.6
}
