{
  "BZ=F": 94.79984,
  "CC=F": 3820.59764,
  "EUR=X": 1.15455,
  "GC=F": 4341.78534,
  "HG=F": 6.34191,
  "KC=F": 245.69086,
  "SI=F": 68.69075,
  "ZW=F": 586.1758,
  "^FCHI": 8199.29004,
  "^GSPC": 742.7,
  "^IXIC": 720.2,
  "^VIX": 23.7
}
