{
  "BZ=F": 73.052568,
  "CANE": 9.625,
  "CC=F": 5096.28973,
  "COTN": 2.358,
  "EUR=X": 1.13865,
  "GC=F": 4051.37139,
  "HG=F": 6.12917,
  "KC=F": 273.2916,
  "SI=F": 58.22755,
  "USD/JPY": 161.80644,
  "ZW=F": 575.4759,
  "^FCHI": 8384.87012,
  "^GSPC": 729.080017,
  "^IXIC": 705.53998,
  "^VIX": 22.63
}
