{
  "BZ=F": 88.72417,
  "CANE": 9.775,
  "CC=F": 5522.36123,
  "COTN": 2.451,
  "EUR=X": 1.14173,
  "GC=F": 4054.16363,
  "HG=F": 6.38093,
  "KC=F": 324.52425,
  "SI=F": 58.01137,
  "USD/JPY": 162.51802,
  "ZW=F": 675.37157,
  "^FCHI": 8340.11035,
  "^GSPC": 742.15002,
  "^IXIC": 695.98999,
  "^VIX": 21.26
}
