{
  "BZ=F": 95.4768,
  "CC=F": 3964.76937,
  "EUR=X": 1.16153,
  "GC=F": 4448.39858,
  "HG=F": 6.41642,
  "KC=F": 247.25843,
  "SI=F": 72.7855,
  "ZW=F": 580.92262,
  "^FCHI": 8244.29004,
  "^GSPC": 757.049988,
  "^IXIC": 740.5,
  "^VIX": 22.71
}
