{
  "BZ=F": 71.98369,
  "CANE": 9.92,
  "CC=F": 5712.97478,
  "COTN": 2.414,
  "EUR=X": 1.14375,
  "GC=F": 4161.29166,
  "HG=F": 6.20283,
  "KC=F": 347.51701,
  "SI=F": 62.06939,
  "USD/JPY": 162.14821,
  "ZW=F": 604.23602,
  "^FCHI": 8479.87012,
  "^GSPC": 751.28,
  "^IXIC": 723.21,
  "^VIX": 20.7
}
