{
  "BZ=F": 96.068858,
  "CANE": 9.72,
  "CC=F": 5329.39204,
  "COTN": 2.52,
  "EUR=X": 1.14296,
  "GC=F": 4122.18146,
  "HG=F": 6.48049,
  "KC=F": 316.80157,
  "SI=F": 59.62318,
  "USD/JPY": 163.10869,
  "ZW=F": 703.55281,
  "^FCHI": 8437.88965,
  "^GSPC": 747.33002,
  "^IXIC": 705.27002,
  "^VIX": 20.73
}
