{
  "BZ=F": 76.654,
  "CC=F": 4620.95948,
  "EUR=X": 1.1423,
  "GC=F": 4112.68764,
  "HG=F": 6.21146,
  "KC=F": 267.10575,
  "SI=F": 62.29753,
  "ZW=F": 592.79663,
  "^FCHI": 8400.11035,
  "^GSPC": 744.38,
  "^IXIC": 738.049988,
  "^VIX": 21.84
}
