{
  "BZ=F": 72.5746,
  "CC=F": 4975.25032,
  "EUR=X": 1.13647,
  "GC=F": 3994.24828,
  "HG=F": 5.99948,
  "KC=F": 277.16447,
  "SI=F": 57.42836,
  "ZW=F": 586.43729,
  "^FCHI": 8385.49023,
  "^GSPC": 733.080017,
  "^IXIC": 710.63,
  "^VIX": 22.85
}
