{
  "BZ=F": 97.074065,
  "CC=F": 3761.40092,
  "EUR=X": 1.15351,
  "GC=F": 4314.99461,
  "HG=F": 6.24909,
  "KC=F": 246.48619,
  "SI=F": 67.80121,
  "ZW=F": 576.24108,
  "^FCHI": 8218.24023,
  "^GSPC": 737.40002,
  "^IXIC": 705.21002,
  "^VIX": 24.32
}
