{
  "BZ=F": 70.86492,
  "CANE": 9.84,
  "CC=F": 5091.06109,
  "COTN": 2.4135,
  "EUR=X": 1.13851,
  "GC=F": 4060.08932,
  "HG=F": 6.087727,
  "KC=F": 309.98022,
  "SI=F": 59.82292,
  "USD/JPY": 162.39901,
  "ZW=F": 592.78873,
  "^FCHI": 8337.29004,
  "^GSPC": 745.70001,
  "^IXIC": 725.13,
  "^VIX": 21.47
}
