{
  "BZ=F": 95.12961,
  "CC=F": 3927.60325,
  "EUR=X": 1.16156,
  "GC=F": 4474.27293,
  "HG=F": 6.52592,
  "KC=F": 247.2572,
  "SI=F": 73.84979,
  "ZW=F": 581.43892,
  "^FCHI": 8244.29004,
  "^GSPC": 757.78,
  "^IXIC": 742.86,
  "^VIX": 22.99
}
