{
  "BZ=F": 83.45805,
  "CC=F": 3869.17931,
  "EUR=X": 1.16194,
  "GC=F": 4331.06674,
  "HG=F": 6.54058,
  "KC=F": 253.46568,
  "SI=F": 70.49203,
  "ZW=F": 580.057896,
  "^FCHI": 8350.87012,
  "^GSPC": 741.65997,
  "^IXIC": 721.32001,
  "^VIX": 23.325
}
