{
  "BZ=F": 82.72922,
  "CC=F": 3997.98999,
  "EUR=X": 1.15788,
  "GC=F": 4325.63371,
  "HG=F": 6.46457,
  "KC=F": 259.173,
  "SI=F": 69.78854,
  "ZW=F": 583.70582,
  "^FCHI": 8384.0097656,
  "^GSPC": 754.65997,
  "^IXIC": 743.81,
  "^VIX": 21.72
}
