{
  "BZ=F": 96.21172,
  "CC=F": 4017.3882,
  "EUR=X": 1.16176,
  "GC=F": 4467.67636,
  "HG=F": 6.46432,
  "KC=F": 252.92942,
  "SI=F": 73.41066,
  "ZW=F": 587.19977,
  "^FCHI": 8210.19043,
  "^GSPC": 754.19,
  "^IXIC": 744.23,
  "^VIX": 23.46
}
