{
  "BZ=F": 93.51086,
  "CC=F": 3818.37693,
  "EUR=X": 1.15432,
  "GC=F": 4334.82162,
  "HG=F": 6.31302,
  "KC=F": 245.35518,
  "SI=F": 67.98097,
  "ZW=F": 584.52812,
  "^FCHI": 8199.29004,
  "^GSPC": 739.31,
  "^IXIC": 716.099976,
  "^VIX": 23.91
}
