{
  "BZ=F": 72.51756,
  "CANE": 9.77,
  "CC=F": 5035.85133,
  "COTN": 2.403,
  "EUR=X": 1.1452,
  "GC=F": 4174.8424,
  "HG=F": 6.19399,
  "KC=F": 301.34455,
  "SI=F": 62.30918,
  "USD/JPY": 161.06235,
  "ZW=F": 590.47905,
  "^FCHI": 8474.86035,
  "^GSPC": 744.84003,
  "^IXIC": 712.73999,
  "^VIX": 21.26
}
