{
  "BZ=F": 84.49864,
  "CANE": 9.8,
  "CC=F": 5884.51402,
  "COTN": 2.547,
  "EUR=X": 1.14674,
  "GC=F": 4028.84654,
  "HG=F": 6.36912,
  "KC=F": 326.7259,
  "SI=F": 57.07763,
  "USD/JPY": 162.11339,
  "ZW=F": 676.071182,
  "^FCHI": 8382.42969,
  "^GSPC": 754.72998,
  "^IXIC": 717.69,
  "^VIX": 20.09
}
