{
  "BZ=F": 79.029717,
  "CANE": 9.95,
  "CC=F": 6050.84119,
  "COTN": 2.5,
  "EUR=X": 1.14316,
  "GC=F": 4069.83843,
  "HG=F": 6.067419,
  "KC=F": 309.91453,
  "SI=F": 58.05178,
  "USD/JPY": 162.3967,
  "ZW=F": 594.49344,
  "^FCHI": 8252.66016,
  "^GSPC": 745.28998,
  "^IXIC": 711.36,
  "^VIX": 21.21
}
