{
  "BZ=F": 93.54457,
  "CC=F": 3755.17623,
  "EUR=X": 1.15294,
  "GC=F": 4332.94337,
  "HG=F": 6.26407,
  "KC=F": 247.6113,
  "SI=F": 68.78998,
  "ZW=F": 580.7744,
  "^FCHI": 8218.24023,
  "^GSPC": 745.59,
  "^IXIC": 719.46,
  "^VIX": 23.82
}
