{
  "BZ=F": 93.081533,
  "CC=F": 3924.6486,
  "EUR=X": 1.16523,
  "GC=F": 4521.61331,
  "HG=F": 6.35746,
  "KC=F": 265.54185,
  "SI=F": 74.46571,
  "ZW=F": 610.79241,
  "^FCHI": 8183.33984,
  "^GSPC": 756.40002,
  "^IXIC": 738.22498,
  "^VIX": 23.23
}
