{
  "BZ=F": 98.89743,
  "CC=F": 4065.9017,
  "EUR=X": 1.16145,
  "GC=F": 4446.61835,
  "HG=F": 6.57981,
  "KC=F": 258.88026,
  "SI=F": 74.1125,
  "ZW=F": 602.78649,
  "^FCHI": 8184.66016,
  "^GSPC": 759.46997,
  "^IXIC": 746.14001,
  "^VIX": 23.46
}
