{
  "BZ=F": 94.9942,
  "CC=F": 3964.77928,
  "EUR=X": 1.16374,
  "GC=F": 4462.89106,
  "HG=F": 6.39458,
  "KC=F": 247.37125,
  "SI=F": 72.56894,
  "ZW=F": 584.59443,
  "^FCHI": 8264.2002,
  "^GSPC": 757.049988,
  "^IXIC": 740.5,
  "^VIX": 22.71
}
