{
  "BZ=F": 96.098268,
  "CC=F": 4075.95934,
  "EUR=X": 1.16318,
  "GC=F": 4487.92748,
  "HG=F": 6.64657,
  "KC=F": 259.27768,
  "SI=F": 75.16536,
  "ZW=F": 602.46447,
  "^FCHI": 8209.089844,
  "^GSPC": 759.39,
  "^IXIC": 746.24,
  "^VIX": 23.48
}
