{
  "BZ=F": 93.070796,
  "CC=F": 3763.09771,
  "EUR=X": 1.15214,
  "GC=F": 4330.12904,
  "HG=F": 6.26294,
  "KC=F": 246.56337,
  "SI=F": 67.87945,
  "ZW=F": 580.23807,
  "^FCHI": 8218.24023,
  "^GSPC": 737.40002,
  "^IXIC": 705.21002,
  "^VIX": 24.32
}
