{
  "BZ=F": 77.79572,
  "CC=F": 4581.71699,
  "EUR=X": 1.14322,
  "GC=F": 4194.80683,
  "HG=F": 6.3521,
  "KC=F": 265.0050308,
  "SI=F": 66.08075,
  "ZW=F": 599.87657,
  "^FCHI": 8393.79004,
  "^GSPC": 747.84,
  "^IXIC": 742.15,
  "^VIX": 21.42
}
