{
  "BZ=F": 97.97427,
  "CC=F": 4036.059596,
  "EUR=X": 1.15981,
  "GC=F": 4443.85193,
  "HG=F": 6.46703,
  "KC=F": 252.71755,
  "SI=F": 73.19573,
  "ZW=F": 586.70923,
  "^FCHI": 8150.41992,
  "^GSPC": 754.16,
  "^IXIC": 744.23,
  "^VIX": 23.46
}
