{
  "CC=F": 3924.6486,
  "EUR=X": 1.1658,
  "GC=F": 4542.35748,
  "HG=F": 6.36208,
  "KC=F": 265.54185,
  "SI=F": 75.36931,
  "ZW=F": 610.79241
}
