{
  "BZ=F": 76.37441,
  "CANE": 9.92,
  "CC=F": 5761.17718,
  "COTN": 2.489,
  "EUR=X": 1.14142,
  "GC=F": 4124.39165,
  "HG=F": 6.1525,
  "KC=F": 317.73495,
  "SI=F": 60.44853,
  "USD/JPY": 162.33601,
  "ZW=F": 612.40588,
  "^FCHI": 8436.24023,
  "^GSPC": 747.70001,
  "^IXIC": 709.38,
  "^VIX": 20.89
}
