{
  "BZ=F": 79.26279,
  "CANE": 9.83,
  "CC=F": 6066.65932,
  "COTN": 2.5055,
  "EUR=X": 1.1402,
  "GC=F": 4061.73842,
  "HG=F": 6.15774,
  "KC=F": 334.37674,
  "SI=F": 58.23094,
  "USD/JPY": 162.0525,
  "ZW=F": 629.86019,
  "^FCHI": 8338.96973,
  "^GSPC": 754.90002,
  "^IXIC": 725.53003,
  "^VIX": 20.335
}
