{
  "BZ=F": 94.7027,
  "CC=F": 3946.16358,
  "EUR=X": 1.16404,
  "GC=F": 4505.92529,
  "HG=F": 6.50383,
  "KC=F": 250.98841,
  "SI=F": 74.5212,
  "ZW=F": 588.57266,
  "^FCHI": 8244.69043,
  "^GSPC": 754.19,
  "^IXIC": 744.23,
  "^VIX": 23.46
}
