{
  "BZ=F": 73.20249,
  "CANE": 9.79,
  "CC=F": 5079.97361,
  "COTN": 2.371,
  "EUR=X": 1.14103,
  "GC=F": 3974.08894,
  "HG=F": 6.083528,
  "KC=F": 296.56585,
  "SI=F": 57.62692,
  "USD/JPY": 162.73217,
  "ZW=F": 587.58831,
  "^FCHI": 8403.99023,
  "^GSPC": 746.47998,
  "^IXIC": 735.76001,
  "^VIX": 21.305
}
