{
  "BZ=F": 94.58281,
  "CC=F": 3794.0265,
  "EUR=X": 1.15951,
  "GC=F": 4416.57097,
  "HG=F": 6.38105,
  "KC=F": 244.65796,
  "SI=F": 71.92692,
  "ZW=F": 584.27804,
  "^FCHI": 8271.15039,
  "^GSPC": 757.049988,
  "^IXIC": 740.5,
  "^VIX": 22.71
}
