{
  "BZ=F": 96.80477,
  "CC=F": 3852.56588,
  "EUR=X": 1.1512,
  "GC=F": 4292.95097,
  "HG=F": 6.31016,
  "KC=F": 250.1996,
  "SI=F": 66.98372,
  "ZW=F": 582.95558,
  "^FCHI": 8178.72021,
  "^GSPC": 737.40002,
  "^IXIC": 705.21002,
  "^VIX": 24.32
}
