{
  "BZ=F": 97.72795,
  "CC=F": 4035.6585,
  "EUR=X": 1.16047,
  "GC=F": 4450.37828,
  "HG=F": 6.50749,
  "KC=F": 255.27645,
  "SI=F": 73.73,
  "ZW=F": 591.44331,
  "^FCHI": 8170.77002,
  "^GSPC": 756.07,
  "^IXIC": 745.58,
  "^VIX": 23.58
}
