{
  "BZ=F": 97.85163,
  "CC=F": 4067.98164,
  "EUR=X": 1.16023,
  "GC=F": 4442.47001,
  "HG=F": 6.48357,
  "KC=F": 256.078918,
  "SI=F": 73.50779,
  "ZW=F": 587.40559,
  "^FCHI": 8150.41992,
  "^GSPC": 755.3,
  "^IXIC": 743.43,
  "^VIX": 23.64
}
