{
  "BZ=F": 72.66617,
  "CANE": 9.925,
  "CC=F": 5695.63746,
  "COTN": 2.414,
  "EUR=X": 1.14312,
  "GC=F": 4127.6262,
  "HG=F": 6.14045,
  "KC=F": 349.89069,
  "SI=F": 60.72383,
  "USD/JPY": 161.86145,
  "ZW=F": 599.81671,
  "^FCHI": 8479.87012,
  "^GSPC": 751.31,
  "^IXIC": 722.65002,
  "^VIX": 20.69
}
