{
  "BZ=F": 77.75332,
  "CC=F": 4236.26995,
  "EUR=X": 1.1519,
  "GC=F": 4319.46784,
  "HG=F": 6.37241,
  "KC=F": 272.013914,
  "SI=F": 69.11805,
  "ZW=F": 612.6028,
  "^FCHI": 8430.79004,
  "^GSPC": 740.92999,
  "^IXIC": 722.40002,
  "^VIX": 22.68
}
