{
  "BZ=F": 96.90795,
  "CC=F": 4073.73142,
  "EUR=X": 1.16097,
  "GC=F": 4478.0798,
  "HG=F": 6.43759,
  "KC=F": 253.048346,
  "SI=F": 73.63228,
  "ZW=F": 583.21377,
  "^FCHI": 8150.41992,
  "^GSPC": 754.19,
  "^IXIC": 744.23,
  "^VIX": 23.46
}
