{
  "BZ=F": 79.054896,
  "CC=F": 4253.44121,
  "EUR=X": 1.14567,
  "GC=F": 4197.97658,
  "HG=F": 6.32596,
  "KC=F": 265.90603,
  "SI=F": 66.56017,
  "ZW=F": 603.1746,
  "^FCHI": 8421.13965,
  "^GSPC": 746.59003,
  "^IXIC": 739.69,
  "^VIX": 21.96
}
