{
  "BZ=F": 94.42311,
  "CC=F": 3827.59112,
  "EUR=X": 1.15354,
  "GC=F": 4320.96098,
  "HG=F": 6.34564,
  "KC=F": 247.20744,
  "SI=F": 67.99021,
  "ZW=F": 582.90269,
  "^FCHI": 8213.71973,
  "^GSPC": 742.21,
  "^IXIC": 716.87,
  "^VIX": 23.775
}
