{
  "BZ=F": 76.56291,
  "CC=F": 4644.0094164,
  "EUR=X": 1.13665,
  "GC=F": 4071.3297,
  "HG=F": 6.11657,
  "KC=F": 276.042552,
  "SI=F": 61.42129,
  "ZW=F": 584.51094,
  "^FCHI": 8340.70996,
  "^GSPC": 733.66998,
  "^IXIC": 713.52002,
  "^VIX": 23.0
}
