{
  "BZ=F": 84.84711,
  "CANE": 9.73,
  "CC=F": 5841.71922,
  "COTN": 2.52977,
  "EUR=X": 1.13938,
  "GC=F": 4022.68796,
  "HG=F": 6.32955,
  "KC=F": 329.97484,
  "SI=F": 57.98782,
  "USD/JPY": 162.29757,
  "ZW=F": 636.76059,
  "^FCHI": 8364.65039,
  "^GSPC": 749.099976,
  "^IXIC": 711.71997,
  "^VIX": 20.98
}
