{
  "BZ=F": 88.49818,
  "CC=F": 3799.015673,
  "EUR=X": 1.15667,
  "GC=F": 4189.18353,
  "HG=F": 6.38736,
  "KC=F": 250.35429,
  "SI=F": 66.91201,
  "ZW=F": 589.41957,
  "^FCHI": 8200.7998,
  "^GSPC": 737.64001,
  "^IXIC": 716.56,
  "^VIX": 24.43
}
