{
  "BZ=F": 93.13022,
  "CC=F": 3894.43083,
  "EUR=X": 1.16433,
  "GC=F": 4526.73034,
  "HG=F": 6.60846,
  "KC=F": 260.41259,
  "SI=F": 76.41755,
  "ZW=F": 605.68692,
  "^FCHI": 8216.0097656,
  "^GSPC": 758.44,
  "^IXIC": 742.69,
  "^VIX": 23.865
}
