{
  "BZ=F": 92.37936,
  "CANE": 9.82,
  "CC=F": 5609.30701,
  "COTN": 2.4815,
  "EUR=X": 1.14075,
  "GC=F": 4124.73189,
  "HG=F": 6.47989,
  "KC=F": 322.096411,
  "SI=F": 59.56636,
  "USD/JPY": 163.17473,
  "ZW=F": 681.72711,
  "^FCHI": 8363.13965,
  "^GSPC": 748.33002,
  "^IXIC": 708.95001,
  "^VIX": 20.61
}
