{
  "BZ=F": 90.30694,
  "CANE": 9.765,
  "CC=F": 5534.93663,
  "COTN": 2.4445,
  "EUR=X": 1.14423,
  "GC=F": 4012.84109,
  "HG=F": 6.22692,
  "KC=F": 320.26496,
  "SI=F": 56.70863,
  "USD/JPY": 162.3671,
  "ZW=F": 681.66327,
  "^FCHI": 8338.80957,
  "^GSPC": 743.15503,
  "^IXIC": 695.29999,
  "^VIX": 21.66
}
