{
  "BZ=F": 78.42193,
  "CC=F": 4233.64241,
  "EUR=X": 1.16126,
  "GC=F": 4324.88539,
  "HG=F": 6.50259,
  "KC=F": 272.77661,
  "SI=F": 70.0035,
  "ZW=F": 599.74295,
  "^FCHI": 8447.26953,
  "^GSPC": 750.34998,
  "^IXIC": 729.78003,
  "^VIX": 21.77
}
