{
  "BZ=F": 91.64851,
  "CC=F": 3805.93859,
  "EUR=X": 1.15467,
  "GC=F": 4176.7605,
  "HG=F": 6.26068,
  "KC=F": 245.040834,
  "SI=F": 63.73486,
  "ZW=F": 588.21472,
  "^FCHI": 8203.42969,
  "^GSPC": 737.059998,
  "^IXIC": 707.96002,
  "^VIX": 24.3
}
