{
  "BZ=F": 93.94618,
  "CC=F": 3745.77921,
  "EUR=X": 1.15504,
  "GC=F": 4077.80451,
  "HG=F": 6.20021,
  "KC=F": 244.71096,
  "SI=F": 63.78365,
  "ZW=F": 583.35787,
  "^FCHI": 8161.83008,
  "^GSPC": 725.42999,
  "^IXIC": 693.75,
  "^VIX": 25.7
}
