{
  "BZ=F": 94.7902,
  "CC=F": 3942.46643,
  "EUR=X": 1.164,
  "GC=F": 4463.6879,
  "HG=F": 6.40108,
  "KC=F": 246.67967,
  "SI=F": 72.73785,
  "ZW=F": 584.70175,
  "^FCHI": 8271.55957,
  "^GSPC": 757.049988,
  "^IXIC": 740.5,
  "^VIX": 22.71
}
