{
  "BZ=F": 95.090098,
  "CC=F": 3958.083657,
  "EUR=X": 1.1628,
  "GC=F": 4476.27574,
  "HG=F": 6.50969,
  "KC=F": 248.0063545,
  "SI=F": 73.84979,
  "ZW=F": 580.69439,
  "^FCHI": 8244.29004,
  "^GSPC": 755.82,
  "^IXIC": 739.465,
  "^VIX": 23.11
}
