{
  "BZ=F": 74.1015,
  "CC=F": 5246.92006,
  "EUR=X": 1.13779,
  "GC=F": 4016.54818,
  "HG=F": 5.98825,
  "KC=F": 276.37473,
  "SI=F": 56.5419,
  "ZW=F": 586.79393,
  "^FCHI": 8431.61035,
  "^GSPC": 733.27002,
  "^IXIC": 716.26001,
  "^VIX": 22.5
}
