{
  "BZ=F": 93.67849,
  "CC=F": 3894.43083,
  "EUR=X": 1.16489,
  "GC=F": 4529.39578,
  "HG=F": 6.61839,
  "KC=F": 260.5987,
  "SI=F": 76.75775,
  "ZW=F": 604.47154,
  "^FCHI": 8229.42969,
  "^GSPC": 758.44,
  "^IXIC": 742.69,
  "^VIX": 23.865
}
