{
  "BZ=F": 79.056462,
  "CC=F": 4253.44121,
  "EUR=X": 1.14586,
  "GC=F": 4189.00804,
  "HG=F": 6.31906,
  "KC=F": 265.90603,
  "SI=F": 65.70302,
  "ZW=F": 602.61295,
  "^FCHI": 8421.13965,
  "^GSPC": 746.59003,
  "^IXIC": 739.69,
  "^VIX": 21.96
}
