{
  "BZ=F": 80.6244,
  "CC=F": 4255.92892,
  "EUR=X": 1.14534,
  "GC=F": 4197.27177,
  "HG=F": 6.35666,
  "KC=F": 265.78057,
  "SI=F": 66.60007,
  "ZW=F": 644.72233,
  "^FCHI": 8400.71973,
  "^GSPC": 746.59003,
  "^IXIC": 739.69,
  "^VIX": 21.96
}
